step,x,y,z,color,direction
0,0,0,0,0,0
1,-1,0,-1,0,4
2,0,0,0,1,1
3,0,-1,-1,0,5
4,-1,-1,-2,0,4
5,0,-1,-1,1,1
6,1,-1,0,0,1
7,1,-2,-1,0,5
8,0,-3,-1,0,4
9,-1,-4,-1,0,4
10,0,-4,-2,0,1
11,0,-5,-3,0,5
12,1,-6,-3,0,1
13,1,-5,-2,0,2
14,1,-5,-2,1,0
15,0,-6,-2,0,4
16,0,-6,-2,1,0
17,0,-7,-1,0,5
18,1,-7,0,0,1
19,0,-7,1,0,4
20,0,-6,0,0,2
21,0,-6,0,1,0
22,-1,-6,1,0,4
23,-2,-5,1,0,4
24,-1,-4,1,0,1
25,-1,-5,2,0,5
26,0,-5,1,0,1
27,-1,-5,0,0,4
28,-1,-4,-1,1,2
29,-2,-4,0,0,4
30,-2,-4,0,1,0
31,-1,-4,-1,0,1
32,-2,-4,0,0,4
33,-3,-5,0,0,4
34,-4,-6,0,0,4
35,-3,-6,1,0,1
36,-2,-6,0,0,1
37,-2,-7,-1,0,5
38,-3,-8,-1,0,4
39,-2,-9,-1,0,1
40,-2,-8,-2,0,2
41,-2,-7,-1,1,2
42,-3,-7,0,0,4
43,-4,-8,0,0,4
44,-3,-8,1,0,1
45,-2,-8,0,0,1
46,-2,-9,1,0,5
47,-3,-9,0,0,4
48,-3,-7,0,1,2
49,-3,-6,1,1,2
50,-4,-7,1,0,4
51,-4,-9,1,0,5
52,-4,-7,1,1,2
53,-4,-7,1,0,0
54,-3,-7,2,0,1
55,-2,-6,2,0,1
56,-3,-5,2,0,4
57,-4,-5,1,0,4
58,-4,-5,1,1,0
59,-4,-6,0,1,5
60,-5,-6,1,0,4
61,-6,-7,1,0,4
62,-8,-7,1,0,4
63,-8,-8,0,0,5
64,-9,-8,-1,0,4
65,-9,-6,-1,0,2
66,-9,-5,0,0,2
67,-9,-4,1,0,2
68,-9,-4,1,1,0
69,-8,-3,1,0,1
70,-8,-3,1,1,0
71,-7,-2,1,0,1
72,-9,-2,1,0,4
73,-11,-2,1,0,4
74,-12,-1,1,0,4
75,-12,-1,1,1,0
76,-12,0,0,0,2
77,-12,0,0,1,0
78,-12,0,2,0,3
79,-13,1,2,0,4
80,-14,1,3,0,4
81,-15,2,3,0,4
82,-15,0,3,0,5
83,-15,0,3,1,0
84,-16,-1,3,0,4
85,-16,-1,3,1,0
86,-16,-3,3,0,5
87,-16,-4,2,0,5
88,-16,-3,1,0,2
89,-16,-3,1,1,0
90,-17,-2,1,0,4
91,-17,-2,-1,0,6
92,-17,-1,0,0,2
93,-18,0,0,0,4
94,-18,2,0,0,2
95,-17,3,0,0,1
96,-17,2,1,0,5
97,-16,1,1,0,1
98,-16,0,2,0,5
99,-15,0,1,0,1
100,-14,1,1,0,1
101,-13,1,0,0,1
102,-13,1,0,1,0
103,-14,2,0,0,4
104,-14,4,0,0,2
105,-15,3,0,0,4
106,-16,3,-1,0,4
107,-16,3,1,0,3
108,-15,3,2,0,1
109,-15,3,2,1,0
110,-15,4,1,0,2
111,-15,2,1,0,5
112,-15,3,2,0,2
113,-14,2,2,0,1
114,-13,1,2,1,1
115,-12,0,2,1,1
116,-12,2,2,0,2
117,-12,0,2,0,5
118,-11,-1,2,0,1
119,-9,-1,2,0,1
120,-9,-1,4,0,3
121,-9,0,5,0,2
122,-10,-1,5,0,4
123,-11,-1,6,0,4
124,-11,-3,6,0,5
125,-12,-4,6,0,4
126,-11,-4,7,0,1
127,-9,-4,7,0,1
128,-11,-4,7,1,4
129,-11,-5,6,0,5
130,-11,-7,6,0,5
131,-11,-8,7,0,5
132,-10,-8,6,0,1
133,-9,-9,6,0,1
134,-9,-8,7,0,2
135,-10,-8,6,1,4
136,-10,-7,7,0,2
137,-10,-8,8,0,5
138,-11,-9,8,0,4
139,-12,-8,8,0,4
140,-11,-9,8,1,1
141,-11,-10,9,0,5
142,-10,-9,9,0,1
143,-10,-9,9,1,0
144,-11,-9,8,0,4
145,-11,-8,7,1,2
146,-9,-8,7,1,1
147,-9,-9,6,1,5
148,-8,-9,7,0,1
149,-7,-9,6,0,1
150,-8,-10,6,0,4
151,-9,-9,6,0,4
152,-11,-9,6,0,4
153,-10,-9,7,0,1
154,-11,-9,6,1,4
155,-10,-9,5,0,1
156,-10,-10,6,0,5
157,-10,-10,6,1,0
158,-9,-10,5,0,1
159,-10,-10,6,0,4
160,-11,-9,6,0,4
161,-10,-8,6,0,1
162,-10,-8,6,1,0
163,-10,-9,5,1,5
164,-9,-9,6,1,1
165,-11,-9,6,1,4
166,-10,-9,5,0,1
167,-11,-9,6,0,4
168,-11,-10,7,0,5
169,-11,-10,7,1,0
170,-10,-10,6,1,1
171,-10,-11,5,0,5
172,-10,-10,4,0,2
173,-9,-11,4,0,1
174,-8,-11,3,0,1
175,-9,-11,4,1,4
176,-8,-11,3,1,1
177,-9,-11,4,0,4
178,-9,-10,5,1,2
179,-9,-10,7,0,3
180,-9,-10,7,1,0
181,-7,-10,7,0,1
182,-7,-9,8,0,2
183,-8,-10,8,0,4
184,-7,-10,9,0,1
185,-8,-9,9,0,4
186,-7,-9,8,1,1
187,-8,-8,8,0,4
188,-8,-8,8,1,0
189,-8,-8,8,0,0
190,-7,-7,8,0,1
191,-6,-6,8,0,1
192,-5,-7,8,0,1
193,-5,-7,8,1,0
194,-5,-8,9,0,5
195,-5,-8,9,1,0
196,-6,-7,9,0,4
197,-5,-6,9,0,1
198,-6,-7,9,1,4
199,-6,-7,9,0,0
200,-4,-7,9,0,1
201,-5,-6,9,1,4
202,-4,-5,9,0,1
203,-4,-5,9,1,0
204,-4,-5,11,0,3
205,-3,-6,11,0,1
206,-3,-7,10,0,5
207,-2,-6,10,0,1
208,-1,-7,10,0,1
209,-1,-6,11,0,2
210,0,-6,10,0,1
211,-1,-5,10,0,4
212,0,-4,10,0,1
213,1,-3,10,0,1
214,1,-2,11,0,2
215,0,-1,11,0,4
216,-1,-2,11,0,4
217,0,-2,12,0,1
218,-1,-2,13,0,4
219,-1,-2,11,1,6
220,-2,-2,10,0,4
221,-1,-2,11,0,1
222,-2,-3,11,0,4
223,-3,-2,11,0,4
224,-2,-2,10,1,1
225,-3,-2,11,1,4
226,-3,-2,9,0,6
227,-4,-2,8,0,4
228,-3,-2,9,1,1
229,-3,-2,9,0,0
230,-3,-3,8,0,5
231,-2,-4,8,0,1
232,-3,-3,8,1,4
233,-3,-2,9,1,2
234,-2,-2,8,0,1
235,-3,-1,8,0,4
236,-3,-1,8,1,0
237,-3,-2,7,0,5
238,-2,-2,6,0,1
239,-2,-4,6,0,5
240,0,-4,6,0,1
241,0,-6,6,0,5
242,0,-8,6,0,5
243,0,-7,5,0,2
244,0,-6,6,1,2
245,0,-5,5,0,2
246,-2,-5,5,0,4
247,-1,-6,5,0,1
248,0,-6,4,0,1
249,1,-6,5,0,1
250,0,-6,6,0,4
251,0,-6,8,0,3
252,1,-5,8,0,1
253,1,-5,8,1,0
254,2,-6,8,0,1
255,1,-5,8,0,4
256,1,-5,8,1,0
257,2,-6,8,1,1
258,1,-6,7,0,4
259,2,-7,7,0,1
260,2,-7,7,1,0
261,2,-7,7,0,0
262,3,-7,6,0,1
263,2,-7,5,0,4
264,1,-7,6,0,4
265,1,-8,5,0,5
266,2,-8,4,0,1
267,2,-8,2,0,6
268,1,-8,1,0,4
269,1,-7,0,1,2
270,1,-8,1,1,5
271,1,-7,2,0,2
272,-1,-7,2,0,4
273,-1,-7,2,1,0
274,-1,-8,1,0,5
275,-1,-9,0,0,5
276,0,-9,-1,0,1
277,1,-8,-1,0,1
278,0,-8,0,0,4
279,1,-9,0,0,1
280,1,-8,1,0,2
281,-1,-8,1,1,4
282,-1,-9,2,0,5
283,-1,-10,1,0,5
284,-3,-10,1,0,4
285,-3,-11,2,0,5
286,-4,-12,2,0,4
287,-5,-12,1,0,4
288,-5,-11,0,0,2
289,-6,-11,-1,0,4
290,-6,-12,-2,0,5
291,-6,-11,-3,0,2
292,-5,-11,-2,0,1
293,-4,-11,-3,0,1
294,-4,-10,-2,0,2
295,-4,-11,-1,0,5
296,-6,-11,-1,1,4
297,-6,-12,0,0,5
298,-7,-13,0,0,4
299,-7,-14,1,0,5
300,-7,-14,1,1,0
301,-7,-13,2,0,2
302,-7,-14,3,0,5
303,-7,-14,3,1,0
304,-6,-14,2,0,1
305,-6,-15,1,0,5
306,-5,-14,1,0,1
307,-6,-15,1,1,4
308,-6,-14,2,1,2
309,-7,-14,3,0,4
310,-7,-13,2,1,2
311,-8,-13,1,0,4
312,-7,-13,2,0,1
313,-7,-13,2,1,0
314,-6,-12,2,0,1
315,-6,-11,3,0,2
316,-7,-11,4,0,4
317,-8,-12,4,0,4
318,-8,-13,5,0,5
319,-8,-14,6,0,5
320,-9,-13,6,0,4
321,-10,-13,7,0,4
322,-10,-12,6,0,2
323,-11,-12,7,0,4
324,-12,-12,8,0,4
325,-12,-13,9,0,5
326,-13,-14,9,0,4
327,-13,-14,9,1,0
328,-13,-15,10,0,5
329,-14,-14,10,0,4
330,-15,-15,10,0,4
331,-16,-15,11,0,4
332,-17,-15,10,0,4
333,-18,-15,11,0,4
334,-17,-15,12,0,1
335,-16,-14,12,0,1
336,-17,-14,11,0,4
337,-17,-13,12,0,2
338,-18,-14,12,0,4
339,-19,-14,11,0,4
340,-19,-15,10,0,5
341,-18,-15,11,1,1
342,-18,-14,12,1,2
343,-19,-13,12,0,4
344,-21,-13,12,0,4
345,-22,-14,12,0,4
346,-21,-14,13,0,1
347,-20,-14,14,0,1
348,-19,-14,15,0,1
349,-19,-14,15,1,0
350,-19,-13,16,0,2
351,-17,-13,16,0,1
352,-16,-13,17,0,1
353,-17,-14,17,0,4
354,-17,-14,17,1,0
355,-17,-15,18,0,5
356,-17,-15,18,1,0
357,-17,-14,19,0,2
358,-16,-14,18,0,1
359,-15,-14,19,0,1
360,-14,-13,19,0,1
361,-15,-14,19,1,4
362,-16,-14,20,0,4
363,-16,-14,18,1,6
364,-16,-14,18,0,0
365,-17,-14,17,0,4
366,-16,-14,18,1,1
367,-16,-14,20,1,3
368,-17,-14,19,1,4
369,-17,-14,19,0,0
370,-16,-14,18,0,1
371,-15,-14,19,0,1
372,-14,-14,20,0,1
373,-15,-14,21,0,4
374,-14,-15,21,0,1
375,-14,-14,20,1,2
376,-13,-13,20,0,1
377,-14,-13,19,1,4
378,-14,-15,19,0,5
379,-14,-15,19,1,0
380,-14,-15,19,0,0
381,-16,-15,19,0,4
382,-16,-15,21,0,3
383,-17,-15,22,0,4
384,-17,-16,23,0,5
385,-18,-16,24,0,4
386,-17,-16,23,1,1
387,-18,-16,22,0,4
388,-17,-17,22,0,1
389,-18,-17,21,0,4
390,-18,-16,22,1,2
391,-17,-17,22,1,1
392,-17,-19,22,0,5
393,-16,-19,21,0,1
394,-16,-20,20,0,5
395,-16,-20,22,0,3
396,-15,-21,22,0,1
397,-14,-21,23,0,1
398,-13,-20,23,0,1
399,-13,-19,24,0,2
400,-13,-19,24,1,0
401,-12,-20,24,0,1
402,-12,-21,23,0,5
403,-11,-21,22,0,1
404,-12,-22,22,0,4
405,-12,-22,24,0,3
406,-12,-21,23,1,2
407,-11,-21,24,0,1
408,-12,-20,24,1,4
409,-12,-21,23,0,5
410,-11,-21,24,1,1
411,-10,-21,23,0,1
412,-8,-21,23,0,1
413,-9,-22,23,0,4
414,-9,-24,23,0,5
415,-10,-24,24,0,4
416,-9,-25,24,0,1
417,-9,-26,23,0,5
418,-10,-26,22,0,4
419,-11,-26,21,0,4
420,-11,-28,21,0,5
421,-11,-29,20,0,5
422,-11,-29,20,1,0
423,-12,-29,19,0,4
424,-12,-29,19,1,0
425,-12,-29,19,0,0
426,-11,-30,19,0,1
427,-11,-32,19,0,5
428,-12,-31,19,0,4
429,-12,-32,18,0,5
430,-11,-32,19,1,1
431,-12,-32,20,0,4
432,-13,-31,20,0,4
433,-12,-31,21,0,1
434,-12,-32,22,0,5
435,-12,-32,22,1,0
436,-12,-32,22,0,0
437,-12,-32,22,1,0
438,-10,-32,22,0,1
439,-11,-31,22,0,4
440,-10,-32,22,1,1
441,-9,-33,22,0,1
442,-9,-32,21,0,2
443,-9,-32,21,1,0
444,-9,-32,21,0,0
445,-9,-33,20,0,5
446,-9,-32,19,0,2
447,-9,-32,19,1,0
448,-10,-32,18,0,4
449,-10,-32,18,1,0
450,-11,-32,17,0,4
451,-10,-33,17,0,1
452,-10,-34,16,0,5
453,-11,-34,17,0,4
454,-11,-34,15,0,6
455,-12,-33,15,0,4
456,-13,-32,15,0,4
457,-12,-31,15,0,1
458,-12,-31,15,1,0
459,-11,-31,16,0,1
460,-10,-32,16,0,1
461,-10,-32,16,1,0
462,-9,-33,16,0,1
463,-10,-33,15,0,4
464,-11,-34,15,1,4
465,-10,-33,15,1,1
466,-8,-33,15,0,1
467,-8,-33,15,1,0
468,-7,-32,15,0,1
469,-8,-31,15,0,4
470,-8,-32,14,0,5
471,-8,-32,14,1,0
472,-6,-32,14,0,1
473,-6,-33,13,0,5
474,-7,-32,13,0,4
475,-7,-33,12,0,5
476,-6,-33,11,0,1
477,-5,-34,11,0,1
478,-4,-33,11,0,1
479,-5,-34,11,1,4
480,-7,-34,11,0,4
481,-7,-35,10,0,5
482,-7,-36,11,0,5
483,-7,-36,11,1,0
484,-7,-34,11,1,2
485,-8,-35,11,0,4
486,-7,-34,11,0,1
487,-8,-35,11,1,4
488,-9,-34,11,0,4
489,-9,-33,12,0,2
490,-8,-33,13,0,1
491,-7,-33,14,0,1
492,-7,-35,14,0,5
493,-7,-36,15,0,5
494,-8,-36,16,0,4
495,-8,-37,17,0,5
496,-8,-36,18,0,2
497,-8,-35,19,0,2
498,-8,-36,18,1,5
499,-8,-37,17,1,5
500,-8,-39,17,0,5
501,-9,-39,16,0,4
502,-8,-39,15,0,1
503,-7,-38,15,0,1
504,-6,-38,14,0,1
505,-7,-39,14,0,4
506,-7,-39,16,0,3
507,-8,-39,15,1,4
508,-9,-40,15,0,4
509,-9,-40,17,0,3
510,-8,-40,18,0,1
511,-8,-39,19,0,2
512,-8,-39,19,1,0
513,-8,-39,17,1,6
514,-9,-40,17,1,4
515,-8,-39,17,0,1
516,-9,-39,18,0,4
517,-8,-40,18,1,1
518,-8,-40,18,0,0
519,-8,-40,18,1,0
520,-7,-39,18,0,1
521,-8,-40,18,0,4
522,-9,-39,18,1,4
523,-9,-40,17,0,5
524,-11,-40,17,0,4
525,-12,-40,18,0,4
526,-11,-39,18,0,1
527,-11,-40,17,1,5
528,-10,-39,17,0,1
529,-12,-39,17,0,4
530,-12,-38,16,0,2
531,-11,-37,16,0,1
532,-12,-37,15,0,4
533,-11,-36,15,0,1
534,-12,-35,15,0,4
535,-13,-35,14,0,4
536,-14,-35,15,0,4
537,-13,-36,15,0,1
538,-13,-36,17,0,3
539,-12,-37,17,0,1
540,-12,-38,18,0,5
541,-11,-38,17,0,1
542,-11,-37,16,1,2
543,-11,-38,17,1,5
544,-10,-38,16,0,1
545,-10,-39,17,1,5
546,-10,-39,15,0,6
547,-9,-40,15,1,1
548,-10,-40,14,0,4
549,-9,-40,13,0,1
550,-8,-40,12,0,1
551,-8,-40,12,1,0
552,-7,-40,11,0,1
553,-6,-39,11,0,1
554,-6,-39,11,1,0
555,-7,-40,11,1,4
556,-6,-40,12,0,1
557,-4,-40,12,0,1
558,-3,-40,11,0,1
559,-3,-40,9,0,6
560,-3,-38,9,0,2
561,-4,-38,8,0,4
562,-4,-39,9,0,5
563,-5,-39,8,0,4
564,-5,-39,8,1,0
565,-5,-37,8,0,2
566,-6,-37,9,0,4
567,-6,-36,8,0,2
568,-5,-37,8,1,1
569,-4,-36,8,0,1
570,-4,-36,8,1,0
571,-3,-36,9,0,1
572,-4,-36,10,0,4
573,-3,-37,10,0,1
574,-3,-36,9,1,2
575,-3,-37,10,1,5
576,-2,-37,11,0,1
577,-3,-37,10,0,4
578,-3,-36,11,0,2
579,-4,-36,10,1,4
580,-3,-36,11,1,1
581,-3,-35,12,0,2
582,-3,-35,14,0,3
583,-2,-35,13,0,1
584,-2,-35,11,0,6
585,-3,-35,12,1,4
586,-3,-35,12,0,0
587,-3,-34,11,0,2
588,-2,-34,10,0,1
589,-1,-35,10,0,1
590,-2,-35,11,1,4
591,-2,-35,11,0,0
592,-3,-35,12,1,4
593,-3,-35,12,0,0
594,-3,-34,11,1,2
595,-1,-34,11,0,1
596,-1,-32,11,0,2
597,-1,-33,10,0,5
598,-1,-33,10,1,0
599,-1,-33,10,0,0
600,-1,-34,11,1,5
601,-1,-34,13,0,3
602,-1,-33,12,0,2
603,0,-33,13,0,1
604,-1,-34,13,1,4
605,0,-34,14,0,1
606,0,-32,14,0,2
607,0,-33,13,1,5
608,0,-35,13,0,5
609,-2,-35,13,1,4
610,-3,-35,12,1,4
611,-4,-34,12,0,4
612,-3,-33,12,0,1
613,-4,-32,12,0,4
614,-4,-33,11,1,5
615,-3,-34,11,0,1
616,-3,-34,11,1,0
617,-3,-34,11,0,0
618,-2,-33,11,0,1
619,-2,-34,12,0,5
620,-2,-32,12,0,2
621,-1,-32,13,0,1
622,-2,-32,12,1,4
623,-2,-32,12,0,0
624,-2,-32,12,1,0
625,-1,-32,11,1,1
626,0,-31,11,0,1
627,-1,-31,10,0,4
628,-1,-30,9,0,2
629,0,-30,10,0,1
630,0,-30,10,1,0
631,0,-30,8,0,6
632,0,-29,7,0,2
633,0,-28,8,0,2
634,1,-28,9,0,1
635,0,-28,10,0,4
636,0,-28,8,1,6
637,0,-28,10,1,3
638,0,-28,8,0,6
639,1,-28,9,1,1
640,2,-27,9,0,1
641,2,-28,8,0,5
642,2,-28,8,1,0
643,1,-28,7,0,4
644,1,-27,6,0,2
645,1,-29,6,0,5
646,1,-28,5,0,2
647,1,-28,5,1,0
648,0,-27,5,0,4
649,-1,-28,5,0,4
650,-1,-27,6,0,2
651,0,-26,6,0,1
652,0,-27,5,1,5
653,0,-27,5,0,0
654,0,-25,5,0,2
655,-1,-25,4,0,4
656,0,-24,4,0,1
657,0,-24,4,1,0
658,0,-23,3,0,2
659,1,-23,2,0,1
660,0,-24,2,0,4
661,-1,-23,2,0,4
662,-3,-23,2,0,4
663,-2,-23,1,0,1
664,-1,-23,0,0,1
665,-1,-23,0,1,0
666,0,-22,0,0,1
667,0,-22,2,0,3
668,-1,-22,1,0,4
669,-2,-23,1,1,4
670,-3,-22,1,0,4
671,-3,-23,0,0,5
672,-3,-22,-1,0,2
673,-3,-21,0,0,2
674,-2,-22,0,0,1
675,-2,-22,0,1,0
676,-1,-22,-1,0,1
677,-2,-21,-1,0,4
678,-1,-22,-1,1,1
679,-1,-23,-2,0,5
680,-1,-24,-3,0,5
681,-1,-24,-5,0,6
682,-1,-23,-4,0,2
683,-1,-25,-4,0,5
684,-1,-25,-4,1,0
685,-2,-26,-4,0,4
686,-1,-26,-3,0,1
687,-3,-26,-3,0,4
688,-3,-26,-3,1,0
689,-4,-25,-3,0,4
690,-5,-25,-2,0,4
691,-6,-26,-2,0,4
692,-6,-27,-1,0,5
693,-5,-27,0,0,1
694,-5,-26,1,0,2
695,-3,-26,1,0,1
696,-3,-26,1,1,0
697,-3,-26,-1,0,6
698,-4,-27,-1,0,4
699,-4,-27,-1,1,0
700,-4,-28,-2,0,5
701,-3,-27,-2,0,1
702,-3,-26,-3,0,2
703,-3,-27,-2,1,5
704,-3,-27,-2,0,0
705,-2,-27,-3,0,1
706,-2,-27,-3,1,0
707,-2,-26,-2,0,2
708,-3,-26,-1,1,4
709,-2,-25,-1,0,1
710,-2,-24,0,0,2
711,-2,-24,0,1,0
712,-1,-25,0,0,1
713,0,-26,0,0,1
714,0,-25,-1,0,2
715,-1,-24,-1,0,4
716,-1,-25,0,1,5
717,-2,-24,0,0,4
718,-2,-22,0,0,2
719,-2,-20,0,0,2
720,-2,-21,1,0,5
721,-1,-21,2,0,1
722,-1,-21,2,1,0
723,-2,-20,2,0,4
724,-2,-19,1,0,2
725,-3,-18,1,0,4
726,-4,-19,1,0,4
727,-3,-19,2,0,1
728,-4,-18,2,0,4
729,-4,-16,2,0,2
730,-4,-16,4,0,3
731,-4,-17,5,0,5
732,-5,-17,6,0,4
733,-6,-16,6,0,4
734,-6,-16,8,0,3
735,-6,-16,8,1,0
736,-6,-16,8,0,0
737,-7,-16,7,0,4
738,-6,-15,7,0,1
739,-6,-14,6,0,2
740,-5,-14,7,0,1
741,-5,-14,7,1,0
742,-5,-14,7,0,0
743,-5,-14,9,0,3
744,-4,-15,9,0,1
745,-5,-15,8,0,4
746,-5,-17,8,0,5
747,-5,-18,9,0,5
748,-6,-17,9,0,4
749,-6,-17,9,1,0
750,-7,-16,9,0,4
751,-7,-16,9,1,0
752,-6,-15,9,0,1
753,-6,-15,9,1,0
754,-5,-14,9,1,1
755,-5,-14,9,0,0
756,-7,-14,9,0,4
757,-8,-15,9,0,4
758,-8,-15,9,1,0
759,-8,-15,11,0,3
760,-9,-16,11,0,4
761,-9,-15,10,0,2
762,-7,-15,10,0,1
763,-8,-16,10,0,4
764,-9,-16,9,0,4
765,-8,-15,9,0,1
766,-7,-15,8,0,1
767,-7,-15,8,1,0
768,-8,-16,8,0,4
769,-9,-17,8,0,4
770,-8,-17,9,0,1
771,-7,-17,8,0,1
772,-7,-18,9,0,5
773,-8,-17,9,1,4
774,-8,-16,10,1,2
775,-9,-17,10,0,4
776,-9,-16,11,1,2
777,-8,-15,11,1,1
778,-9,-14,11,0,4
779,-9,-16,11,0,5
780,-10,-17,11,0,4
781,-10,-17,11,1,0
782,-10,-17,11,0,0
783,-10,-18,12,0,5
784,-10,-17,13,0,2
785,-10,-16,12,0,2
786,-11,-17,12,0,4
787,-10,-17,13,1,1
788,-10,-17,13,0,0
789,-11,-17,12,1,4
790,-11,-17,12,0,0
791,-11,-17,10,0,6
792,-11,-18,9,0,5
793,-12,-18,8,0,4
794,-12,-17,7,0,2
795,-10,-17,7,0,1
796,-10,-15,7,0,2
797,-10,-16,6,0,5
798,-9,-16,7,0,1
799,-10,-15,7,1,4
800,-11,-15,6,0,4
801,-10,-15,5,0,1
802,-10,-16,6,1,5
803,-10,-15,7,0,2
804,-11,-16,7,0,4
805,-13,-16,7,0,4
806,-13,-15,6,0,2
807,-12,-14,6,0,1
808,-11,-14,7,0,1
809,-10,-13,7,1,1
810,-10,-14,8,0,5
811,-8,-14,8,0,1
812,-9,-13,8,0,4
813,-9,-13,8,1,0
814,-8,-12,8,0,1
815,-8,-12,8,1,0
816,-7,-11,8,0,1
817,-7,-10,9,1,2
818,-7,-11,10,0,5
819,-6,-10,10,0,1
820,-6,-10,10,1,0
821,-6,-8,10,0,2
822,-6,-8,10,1,0
823,-5,-7,10,0,1
824,-5,-9,10,0,5
825,-3,-9,10,0,1
826,-3,-9,10,1,0
827,-3,-9,10,0,0
828,-3,-9,10,1,0
829,-2,-9,11,0,1
830,-1,-10,11,0,1
831,-1,-11,12,0,5
832,-2,-10,12,0,4
833,-2,-10,12,1,0
834,-3,-11,12,0,4
835,-3,-11,12,1,0
836,-3,-12,11,0,5
837,-1,-12,11,0,1
838,-1,-11,12,1,2
839,-1,-11,10,0,6
840,0,-12,10,0,1
841,0,-14,10,0,5
842,1,-14,9,0,1
843,0,-14,10,1,4
844,0,-14,12,0,3
845,0,-14,12,1,0
846,0,-14,10,0,6
847,1,-13,10,0,1
848,0,-13,9,0,4
849,0,-12,8,0,2
850,0,-11,7,0,2
851,-1,-12,7,0,4
852,-2,-13,7,0,4
853,-2,-13,7,1,0
854,-1,-13,6,0,1
855,0,-12,6,0,1
856,-1,-13,6,1,4
857,-2,-14,6,0,4
858,-3,-15,6,0,4
859,-2,-15,5,0,1
860,-2,-15,5,1,0
861,-2,-15,5,0,0
862,-1,-16,5,0,1
863,-2,-16,6,0,4
864,-2,-16,6,1,0
865,-2,-16,4,0,6
866,-2,-16,4,1,0
867,-3,-17,4,0,4
868,-2,-18,4,0,1
869,-3,-17,4,1,4
870,-2,-17,3,0,1
871,-2,-17,5,0,3
872,-3,-16,5,0,4
873,-2,-16,6,0,1
874,-2,-15,7,0,2
875,-2,-16,6,1,5
876,-3,-17,6,0,4
877,-3,-17,6,1,0
878,-2,-16,6,0,1
879,-2,-15,5,1,2
880,-2,-14,6,1,2
881,-1,-13,6,0,1
882,-1,-12,5,0,2
883,-1,-13,4,0,5
884,-2,-12,4,0,4
885,-3,-12,3,0,4
886,-3,-11,2,1,2
887,-1,-11,2,0,1
888,-2,-12,2,0,4
889,-1,-11,2,1,1
890,1,-11,2,0,1
891,2,-12,2,0,1
892,2,-12,2,1,0
893,1,-11,2,1,4
894,1,-10,3,0,2
895,1,-11,4,0,5
896,0,-12,4,0,4
897,-1,-12,5,1,4
898,0,-13,5,0,1
899,1,-13,6,0,1
900,3,-13,6,0,1
901,2,-13,7,0,4
902,2,-14,6,0,5
903,3,-13,6,1,1
904,3,-12,5,0,2
905,2,-12,6,0,4
906,3,-13,6,0,1
907,3,-13,6,1,0
908,3,-12,7,0,2
909,2,-12,8,0,4
910,2,-13,9,0,5
911,2,-12,10,0,2
912,2,-12,10,1,0
913,2,-14,10,0,5
914,2,-15,9,0,5
915,2,-14,10,1,2
916,2,-14,8,0,6
917,2,-13,7,1,2
918,2,-12,8,1,2
919,2,-11,9,0,2
920,2,-12,10,0,5
921,2,-11,9,1,2
922,2,-12,10,1,5
923,2,-12,10,0,0
924,2,-11,11,0,2
925,3,-11,10,0,1
926,3,-11,10,1,0
927,3,-11,10,0,0
928,3,-11,10,1,0
929,3,-11,10,0,0
930,3,-13,10,0,5
931,3,-12,9,0,2
932,2,-13,9,1,4
933,2,-15,9,1,5
934,1,-15,8,0,4
935,0,-14,8,0,4
936,1,-13,8,0,1
937,2,-13,7,0,1
938,1,-13,8,1,4
939,1,-13,8,0,0
940,0,-13,9,1,4
941,0,-13,9,0,0
942,1,-14,9,1,1
943,2,-15,9,0,1
944,3,-15,10,0,1
945,3,-15,10,1,0
946,3,-15,8,0,6
947,3,-13,8,0,2
948,2,-13,7,1,4
949,1,-14,7,0,4
950,1,-14,7,1,0
951,2,-14,8,1,1
952,3,-15,8,1,1
953,2,-16,8,0,4
954,2,-18,8,0,5
955,1,-18,9,0,4
956,1,-19,8,0,5
957,1,-19,8,1,0
958,0,-19,9,0,4
959,0,-18,8,0,2
960,0,-17,9,0,2
961,0,-17,7,0,6
962,1,-18,7,0,1
963,2,-19,7,0,1
964,3,-19,8,0,1
965,4,-18,8,0,1
966,3,-18,7,0,4
967,2,-18,6,0,4
968,2,-17,7,0,2
969,3,-18,7,1,1
970,3,-17,8,0,2
971,3,-17,10,0,3
972,2,-18,10,0,4
973,2,-18,10,1,0
974,2,-18,10,0,0
975,2,-18,10,1,0
976,2,-17,11,0,2
977,1,-16,11,0,4
978,0,-17,11,0,4
979,1,-16,11,1,1
980,1,-14,11,0,2
981,1,-14,11,1,0
982,2,-13,11,0,1
983,3,-13,10,1,1
984,3,-14,9,0,5
985,2,-14,10,0,4
986,1,-15,10,0,4
987,1,-14,9,0,2
988,1,-15,10,1,5
989,1,-15,10,0,0
990,1,-15,12,0,3
991,2,-14,12,0,1
992,0,-14,12,0,4
993,0,-13,11,0,2
994,-2,-13,11,0,4
995,-2,-14,10,0,5
996,-3,-14,11,0,4
997,-3,-14,11,1,0
998,-4,-14,12,0,4
999,-4,-14,12,1,0
1000,-4,-14,10,0,6
1001,-3,-15,10,0,1
1002,-2,-16,10,0,1
1003,-3,-17,10,0,4
1004,-3,-17,10,1,0
1005,-3,-18,9,0,5
1006,-2,-19,9,0,1
1007,-4,-19,9,0,4
1008,-4,-18,8,0,2
1009,-3,-18,7,0,1
1010,-5,-18,7,0,4
1011,-3,-18,7,1,1
1012,-4,-19,7,0,4
1013,-4,-19,7,1,0
1014,-5,-19,8,0,4
1015,-5,-18,7,1,2
1016,-5,-18,7,0,0
1017,-6,-17,7,0,4
1018,-6,-17,7,1,0
1019,-5,-17,8,1,1
1020,-5,-19,8,1,5
1021,-6,-20,8,0,4
1022,-7,-21,8,0,4
1023,-8,-20,8,0,4
1024,-9,-19,8,0,4
1025,-8,-20,8,1,1
1026,-7,-20,7,0,1
1027,-7,-20,7,1,0
1028,-7,-19,6,0,2
1029,-6,-19,7,0,1
1030,-6,-18,8,0,2
1031,-7,-17,8,1,4
1032,-6,-16,8,1,1
1033,-8,-16,8,1,4
1034,-8,-18,8,0,5
1035,-7,-18,9,1,1
1036,-7,-18,9,0,0
1037,-6,-19,9,0,1
1038,-6,-20,8,1,5
1039,-5,-19,8,0,1
1040,-4,-20,8,0,1
1041,-4,-20,6,0,6
1042,-2,-20,6,0,1
1043,-3,-19,6,0,4
1044,-3,-20,5,0,5
1045,-3,-19,6,1,2
1046,-2,-19,5,0,1
1047,-1,-19,6,0,1
1048,0,-18,6,0,1
1049,-1,-18,5,0,4
1050,-1,-20,5,0,5
1051,-1,-21,4,0,5
1052,0,-20,4,0,1
1053,1,-20,3,0,1
1054,1,-20,3,1,0
1055,2,-21,3,0,1
1056,2,-21,3,1,0
1057,1,-22,3,0,4
1058,0,-23,3,1,4
1059,0,-23,3,0,0
1060,0,-23,3,1,0
1061,0,-24,4,0,5
1062,-1,-24,3,0,4
1063,-2,-25,3,0,4
1064,-2,-25,3,1,0
1065,-2,-24,2,0,2
1066,-2,-25,1,0,5
1067,-4,-25,1,0,4
1068,-4,-27,1,0,5
1069,-4,-27,1,1,0
1070,-3,-27,0,0,1
1071,-4,-26,0,0,4
1072,-3,-26,1,0,1
1073,-3,-27,2,0,5
1074,-2,-27,3,0,1
1075,-1,-28,3,0,1
1076,-1,-28,3,1,0
1077,-1,-27,4,0,2
1078,-2,-27,5,0,4
1079,-3,-26,5,0,4
1080,-1,-26,5,0,1
1081,0,-26,4,0,1
1082,-1,-26,3,0,4
1083,0,-27,3,0,1
1084,-1,-26,3,1,4
1085,-2,-27,3,1,4
1086,-2,-27,1,0,6
1087,-4,-27,1,0,4
1088,-3,-27,2,1,1
1089,-4,-27,1,1,4
1090,-5,-26,1,1,4
1091,-6,-25,1,0,4
1092,-6,-27,1,0,5
1093,-5,-28,1,0,1
1094,-5,-28,-1,0,6
1095,-6,-28,0,0,4
1096,-6,-29,1,0,5
1097,-7,-29,0,0,4
1098,-8,-30,0,0,4
1099,-9,-30,1,0,4
1100,-10,-29,1,0,4
1101,-10,-30,0,0,5
1102,-10,-30,0,1,0
1103,-11,-29,0,0,4
1104,-11,-29,0,1,0
1105,-11,-30,-1,0,5
1106,-10,-31,-1,0,1
1107,-10,-30,0,0,2
1108,-11,-30,-1,1,4
1109,-12,-31,-1,0,4
1110,-13,-30,-1,0,4
1111,-13,-30,1,0,3
1112,-13,-29,0,0,2
1113,-13,-27,0,0,2
1114,-14,-27,1,0,4
1115,-16,-27,1,0,4
1116,-15,-26,1,0,1
1117,-15,-25,0,0,2
1118,-15,-24,-1,0,2
1119,-14,-24,0,0,1
1120,-14,-24,2,0,3
1121,-14,-25,1,0,5
1122,-14,-26,0,0,5
1123,-16,-26,0,0,4
1124,-15,-27,0,0,1
1125,-15,-27,-2,0,6
1126,-15,-27,-2,1,0
1127,-16,-27,-1,0,4
1128,-15,-27,0,1,1
1129,-15,-26,-1,0,2
1130,-16,-26,-2,0,4
1131,-16,-26,-2,1,0
1132,-14,-26,-2,0,1
1133,-15,-26,-1,1,4
1134,-16,-25,-1,0,4
1135,-17,-26,-1,0,4
1136,-17,-26,-1,1,0
1137,-17,-27,0,0,5
1138,-17,-26,-1,0,2
1139,-17,-27,0,1,5
1140,-17,-27,0,0,0
1141,-15,-27,0,0,1
1142,-14,-27,1,1,1
1143,-15,-26,1,1,4
1144,-15,-26,3,0,3
1145,-14,-27,3,0,1
1146,-15,-28,3,0,4
1147,-15,-29,4,0,5
1148,-13,-29,4,0,1
1149,-14,-28,4,0,4
1150,-15,-29,4,1,4
1151,-15,-29,4,0,0
1152,-16,-29,3,0,4
1153,-16,-30,2,0,5
1154,-16,-30,0,0,6
1155,-16,-31,-1,0,5
1156,-15,-32,-1,0,1
1157,-16,-32,0,0,4
1158,-15,-32,-1,1,1
1159,-16,-32,0,1,4
1160,-17,-32,1,0,4
1161,-17,-32,3,0,3
1162,-17,-32,5,0,3
1163,-16,-33,5,0,1
1164,-16,-34,6,0,5
1165,-17,-34,5,0,4
1166,-17,-33,4,0,2
1167,-18,-33,3,0,4
1168,-18,-33,3,1,0
1169,-18,-34,2,0,5
1170,-17,-35,2,0,1
1171,-17,-36,1,0,5
1172,-17,-34,1,0,2
1173,-16,-33,1,0,1
1174,-16,-33,1,1,0
1175,-15,-33,2,0,1
1176,-14,-33,3,0,1
1177,-14,-32,2,0,2
1178,-15,-33,2,1,4
1179,-14,-34,2,0,1
1180,-14,-34,2,1,0
1181,-15,-34,1,0,4
1182,-14,-34,2,0,1
1183,-15,-34,3,0,4
1184,-15,-34,1,1,6
1185,-15,-35,2,0,5
1186,-15,-34,1,0,2
1187,-15,-34,1,1,0
1188,-16,-33,1,0,4
1189,-15,-32,1,0,1
1190,-15,-32,1,1,0
1191,-15,-30,1,0,2
1192,-16,-29,1,0,4
1193,-14,-29,1,0,1
1194,-14,-29,1,1,0
1195,-13,-30,1,1,1
1196,-14,-30,2,0,4
1197,-14,-30,2,1,0
1198,-14,-30,2,0,0
1199,-14,-29,3,0,2
1200,-14,-28,4,1,2
1201,-15,-29,4,1,4
1202,-15,-29,4,0,0
1203,-15,-30,5,0,5
1204,-15,-30,5,1,0
1205,-14,-30,4,0,1
1206,-14,-30,4,1,0
1207,-13,-29,4,1,1
1208,-15,-29,4,1,4
1209,-15,-28,5,0,2
1210,-16,-27,5,0,4
1211,-17,-26,5,0,4
1212,-17,-27,6,0,5
1213,-17,-26,5,1,2
1214,-17,-26,7,0,3
1215,-18,-25,7,0,4
1216,-18,-26,6,0,5
1217,-17,-27,6,1,1
1218,-18,-27,7,0,4
1219,-17,-28,7,0,1
1220,-17,-27,6,0,2
1221,-17,-26,7,1,2
1222,-17,-26,7,0,0
1223,-16,-27,7,0,1
1224,-16,-27,5,1,6
1225,-16,-28,4,0,5
1226,-15,-29,4,0,1
1227,-16,-29,3,1,4
1228,-17,-30,3,0,4
1229,-17,-28,3,0,2
1230,-18,-29,3,0,4
1231,-17,-29,2,0,1
1232,-18,-29,3,1,4
1233,-19,-28,3,0,4
1234,-18,-28,4,0,1
1235,-19,-29,4,0,4
1236,-20,-28,4,0,4
1237,-20,-27,5,0,2
1238,-20,-26,6,0,2
1239,-21,-27,6,0,4
1240,-21,-27,4,0,6
1241,-22,-26,4,0,4
1242,-22,-25,5,0,2
1243,-23,-26,5,0,4
1244,-23,-26,5,1,0
1245,-23,-25,6,0,2
1246,-23,-24,5,0,2
1247,-24,-23,5,0,4
1248,-24,-24,4,0,5
1249,-23,-23,4,0,1
1250,-22,-24,4,0,1
1251,-22,-24,4,1,0
1252,-22,-24,4,0,0
1253,-21,-24,5,0,1
1254,-21,-25,4,0,5
1255,-23,-25,4,0,4
1256,-23,-24,3,0,2
1257,-23,-25,4,1,5
1258,-23,-26,5,0,5
1259,-23,-25,4,0,2
1260,-23,-24,3,1,2
1261,-23,-23,4,1,2
1262,-23,-24,3,0,5
1263,-22,-24,2,0,1
1264,-22,-24,2,1,0
1265,-22,-24,2,0,0
1266,-22,-25,1,0,5
1267,-23,-25,2,0,4
1268,-24,-25,1,0,4
1269,-25,-26,1,0,4
1270,-24,-25,1,1,1
1271,-22,-25,1,1,1
1272,-22,-24,0,0,2
1273,-21,-24,-1,0,1
1274,-22,-25,-1,0,4
1275,-23,-26,-1,0,4
1276,-24,-26,-2,0,4
1277,-24,-26,-2,1,0
1278,-24,-26,-2,0,0
1279,-23,-26,-3,0,1
1280,-23,-27,-4,0,5
1281,-22,-27,-3,0,1
1282,-21,-27,-4,0,1
1283,-22,-26,-4,0,4
1284,-24,-26,-4,0,4
1285,-24,-25,-5,0,2
1286,-22,-25,-5,0,1
1287,-22,-23,-5,0,2
1288,-23,-24,-5,0,4
1289,-21,-24,-5,0,1
1290,-20,-23,-5,0,1
1291,-20,-23,-5,1,0
1292,-19,-23,-6,0,1
1293,-20,-23,-5,0,4
1294,-20,-24,-6,0,5
1295,-21,-25,-6,0,4
1296,-21,-25,-6,1,0
1297,-21,-25,-8,0,6
1298,-21,-26,-7,0,5
1299,-22,-25,-7,0,4
1300,-22,-26,-8,0,5
1301,-22,-26,-8,1,0
1302,-22,-27,-7,0,5
1303,-21,-26,-7,1,1
1304,-20,-27,-7,0,1
1305,-20,-27,-7,1,0
1306,-20,-26,-8,0,2
1307,-20,-26,-8,1,0
1308,-21,-25,-8,1,4
1309,-22,-24,-8,0,4
1310,-21,-24,-9,0,1
1311,-20,-23,-9,0,1
1312,-21,-24,-9,1,4
1313,-20,-25,-9,0,1
1314,-20,-24,-8,0,2
1315,-20,-23,-7,0,2
1316,-20,-24,-8,1,5
1317,-19,-24,-9,0,1
1318,-20,-24,-10,0,4
1319,-20,-24,-10,1,0
1320,-21,-24,-9,0,4
1321,-20,-24,-8,0,1
1322,-19,-24,-9,1,1
1323,-20,-23,-9,1,4
1324,-20,-24,-8,1,5
1325,-21,-23,-8,0,4
1326,-21,-22,-9,0,2
1327,-21,-22,-9,1,0
1328,-21,-23,-10,0,5
1329,-20,-23,-9,0,1
1330,-20,-24,-8,0,5
1331,-20,-23,-7,1,2
1332,-20,-23,-7,0,0
1333,-22,-23,-7,0,4
1334,-23,-24,-7,0,4
1335,-24,-23,-7,0,4
1336,-25,-23,-6,0,4
1337,-25,-25,-6,0,5
1338,-26,-24,-6,0,4
1339,-24,-24,-6,0,1
1340,-25,-24,-7,0,4
1341,-25,-24,-7,1,0
1342,-24,-24,-6,1,1
1343,-24,-24,-6,0,0
1344,-23,-24,-7,1,1
1345,-23,-24,-7,0,0
1346,-23,-23,-6,0,2
1347,-24,-23,-7,1,4
1348,-25,-22,-7,0,4
1349,-25,-23,-8,0,5
1350,-25,-23,-8,1,0
1351,-26,-24,-8,0,4
1352,-27,-25,-8,0,4
1353,-27,-26,-7,0,5
1354,-25,-26,-7,0,1
1355,-26,-27,-7,0,4
1356,-25,-27,-6,0,1
1357,-25,-26,-7,1,2
1358,-26,-26,-6,0,4
1359,-24,-26,-6,0,1
1360,-25,-26,-7,0,4
1361,-25,-27,-6,1,5
1362,-25,-26,-5,0,2
1363,-25,-28,-5,0,5
1364,-25,-29,-4,0,5
1365,-25,-28,-5,1,2
1366,-25,-27,-4,0,2
1367,-25,-28,-3,0,5
1368,-26,-27,-3,0,4
1369,-25,-26,-3,0,1
1370,-25,-27,-4,1,5
1371,-25,-27,-4,0,0
1372,-26,-27,-5,0,4
1373,-27,-26,-5,0,4
1374,-27,-26,-5,1,0
1375,-28,-26,-6,0,4
1376,-28,-27,-5,0,5
1377,-28,-27,-5,1,0
1378,-29,-26,-5,0,4
1379,-30,-26,-6,0,4
1380,-31,-27,-6,0,4
1381,-32,-27,-5,0,4
1382,-32,-28,-4,0,5
1383,-32,-27,-5,1,2
1384,-31,-27,-6,1,1
1385,-32,-27,-7,0,4
1386,-32,-27,-7,1,0
1387,-33,-27,-8,0,4
1388,-33,-29,-8,0,5
1389,-33,-30,-7,0,5
1390,-34,-31,-7,0,4
1391,-34,-31,-9,0,6
1392,-34,-31,-9,1,0
1393,-34,-32,-8,0,5
1394,-34,-32,-8,1,0
1395,-34,-33,-7,0,5
1396,-35,-34,-7,0,4
1397,-35,-34,-7,1,0
1398,-34,-33,-7,1,1
1399,-35,-32,-7,0,4
1400,-36,-32,-6,0,4
1401,-35,-32,-7,1,1
1402,-34,-32,-8,0,1
1403,-34,-33,-9,0,5
1404,-34,-32,-8,1,2
1405,-33,-33,-8,0,1
1406,-33,-32,-7,0,2
1407,-34,-33,-7,0,4
1408,-34,-33,-9,1,6
1409,-33,-34,-9,0,1
1410,-34,-35,-9,0,4
1411,-33,-35,-10,0,1
1412,-34,-36,-10,0,4
1413,-33,-35,-10,1,1
1414,-33,-34,-11,0,2
1415,-33,-33,-10,0,2
1416,-34,-33,-11,0,4
1417,-33,-34,-11,1,1
1418,-32,-34,-10,0,1
1419,-33,-35,-10,0,4
1420,-32,-34,-10,1,1
1421,-33,-35,-10,1,4
1422,-32,-35,-9,0,1
1423,-33,-35,-8,0,4
1424,-33,-35,-8,1,0
1425,-33,-35,-10,0,6
1426,-33,-36,-9,0,5
1427,-32,-36,-8,0,1
1428,-32,-36,-10,0,6
1429,-33,-37,-10,0,4
1430,-32,-38,-10,0,1
1431,-32,-37,-9,0,2
1432,-32,-38,-10,1,5
1433,-32,-38,-10,0,0
1434,-32,-39,-9,0,5
1435,-32,-37,-9,1,2
1436,-32,-37,-9,0,0
1437,-33,-37,-10,1,4
1438,-33,-37,-10,0,0
1439,-33,-38,-11,0,5
1440,-34,-38,-10,0,4
1441,-34,-39,-9,0,5
1442,-35,-40,-9,0,4
1443,-35,-41,-10,0,5
1444,-35,-40,-11,0,2
1445,-35,-40,-11,1,0
1446,-34,-40,-12,0,1
1447,-34,-39,-13,0,2
1448,-36,-39,-13,0,4
1449,-37,-39,-14,0,4
1450,-37,-39,-16,0,6
1451,-38,-38,-16,0,4
1452,-37,-39,-16,1,1
1453,-37,-40,-15,0,5
1454,-37,-41,-16,0,5
1455,-37,-42,-17,0,5
1456,-38,-42,-18,0,4
1457,-39,-42,-17,0,4
1458,-40,-41,-17,0,4
1459,-41,-41,-16,0,4
1460,-40,-40,-16,0,1
1461,-40,-39,-17,0,2
1462,-41,-40,-17,0,4
1463,-40,-41,-17,1,1
1464,-40,-40,-16,1,2
1465,-39,-40,-17,0,1
1466,-38,-40,-16,0,1
1467,-38,-41,-15,0,5
1468,-39,-41,-14,0,4
1469,-40,-42,-14,0,4
1470,-39,-42,-13,0,1
1471,-39,-41,-12,0,2
1472,-38,-40,-12,0,1
1473,-38,-41,-13,0,5
1474,-36,-41,-13,0,1
1475,-37,-42,-13,0,4
1476,-36,-43,-13,0,1
1477,-35,-43,-14,0,1
1478,-35,-44,-13,0,5
1479,-34,-44,-12,0,1
1480,-33,-43,-12,0,1
1481,-34,-43,-13,0,4
1482,-33,-43,-12,1,1
1483,-33,-43,-12,0,0
1484,-33,-43,-12,1,0
1485,-34,-42,-12,0,4
1486,-35,-42,-11,0,4
1487,-35,-41,-10,1,2
1488,-34,-40,-10,0,1
1489,-34,-39,-9,1,2
1490,-34,-39,-9,0,0
1491,-34,-39,-7,0,3
1492,-32,-39,-7,0,1
1493,-33,-38,-7,0,4
1494,-33,-38,-5,0,3
1495,-35,-38,-5,0,4
1496,-36,-38,-4,0,4
1497,-35,-39,-4,0,1
1498,-35,-37,-4,0,2
1499,-35,-38,-5,1,5
1500,-35,-38,-5,0,0
1501,-35,-39,-6,0,5
1502,-35,-39,-6,1,0
1503,-35,-38,-7,0,2
1504,-36,-37,-7,0,4
1505,-35,-38,-7,1,1
1506,-35,-38,-7,0,0
1507,-33,-38,-7,1,1
1508,-34,-38,-6,0,4
1509,-35,-37,-6,0,4
1510,-36,-37,-7,1,4
1511,-36,-36,-8,0,2
1512,-36,-35,-7,0,2
1513,-36,-34,-6,0,2
1514,-35,-34,-7,0,1
1515,-34,-33,-7,1,1
1516,-35,-33,-8,0,4
1517,-35,-32,-9,0,2
1518,-34,-31,-9,0,1
1519,-35,-31,-8,0,4
1520,-35,-30,-9,0,2
1521,-35,-29,-10,0,2
1522,-34,-29,-9,0,1
1523,-34,-27,-9,0,2
1524,-34,-27,-9,1,0
1525,-35,-26,-9,0,4
1526,-35,-26,-9,1,0
1527,-35,-26,-9,0,0
1528,-35,-25,-10,0,2
1529,-34,-25,-9,0,1
1530,-34,-25,-9,1,0
1531,-35,-26,-9,1,4
1532,-36,-26,-10,0,4
1533,-35,-26,-9,0,1
1534,-35,-25,-10,1,2
1535,-36,-26,-10,1,4
1536,-35,-26,-11,0,1
1537,-35,-25,-10,0,2
1538,-35,-24,-11,0,2
1539,-36,-24,-12,0,4
1540,-36,-25,-13,0,5
1541,-36,-24,-12,1,2
1542,-35,-24,-11,1,1
1543,-36,-25,-11,0,4
1544,-36,-25,-11,1,0
1545,-35,-25,-12,0,1
1546,-35,-26,-13,0,5
1547,-35,-25,-14,0,2
1548,-35,-25,-14,1,0
1549,-33,-25,-14,0,1
1550,-32,-25,-15,0,1
1551,-33,-25,-16,0,4
1552,-32,-25,-15,1,1
1553,-30,-25,-15,0,1
1554,-30,-23,-15,0,2
1555,-29,-23,-14,0,1
1556,-28,-23,-13,0,1
1557,-29,-23,-14,1,4
1558,-28,-22,-14,0,1
1559,-27,-22,-15,0,1
1560,-27,-22,-17,0,6
1561,-27,-22,-17,1,0
1562,-28,-22,-18,0,4
1563,-27,-22,-17,0,1
1564,-28,-21,-17,0,4
1565,-29,-20,-17,0,4
1566,-30,-21,-17,0,4
1567,-30,-21,-19,0,6
1568,-30,-20,-20,0,2
1569,-30,-20,-22,0,6
1570,-30,-20,-20,1,3
1571,-30,-20,-20,0,0
1572,-29,-20,-21,0,1
1573,-30,-21,-21,0,4
1574,-30,-21,-21,1,0
1575,-31,-21,-22,0,4
1576,-30,-22,-22,0,1
1577,-31,-22,-21,0,4
1578,-31,-22,-21,1,0
1579,-31,-23,-20,0,5
1580,-30,-23,-21,0,1
1581,-31,-23,-22,0,4
1582,-30,-24,-22,0,1
1583,-30,-23,-21,1,2
1584,-29,-23,-22,0,1
1585,-30,-23,-23,0,4
1586,-31,-22,-23,0,4
1587,-30,-21,-23,0,1
1588,-30,-20,-24,0,2
1589,-29,-20,-25,0,1
1590,-28,-19,-25,0,1
1591,-27,-20,-25,0,1
1592,-26,-20,-24,0,1
1593,-27,-20,-23,0,4
1594,-27,-20,-23,1,0
1595,-27,-22,-23,0,5
1596,-28,-21,-23,0,4
1597,-28,-22,-24,0,5
1598,-28,-22,-24,1,0
1599,-29,-22,-23,0,4
1600,-29,-23,-24,0,5
1601,-30,-24,-24,0,4
1602,-30,-22,-24,0,2
1603,-30,-23,-25,0,5
1604,-30,-22,-26,0,2
1605,-30,-20,-26,0,2
1606,-31,-20,-25,0,4
1607,-30,-19,-25,0,1
1608,-31,-19,-24,0,4
1609,-31,-17,-24,0,2
1610,-30,-17,-23,0,1
1611,-30,-17,-23,1,0
1612,-31,-17,-22,0,4
1613,-32,-17,-23,0,4
1614,-32,-18,-22,0,5
1615,-32,-16,-22,0,2
1616,-31,-16,-23,0,1
1617,-32,-17,-23,1,4
1618,-34,-17,-23,0,4
1619,-34,-18,-22,0,5
1620,-34,-18,-22,1,0
1621,-35,-18,-23,0,4
1622,-35,-17,-22,0,2
1623,-36,-17,-23,0,4
1624,-35,-18,-23,1,1
1625,-35,-18,-21,0,3
1626,-36,-18,-22,0,4
1627,-36,-19,-23,0,5
1628,-37,-18,-23,0,4
1629,-37,-17,-24,0,2
1630,-37,-16,-23,0,2
1631,-36,-17,-23,1,1
1632,-37,-17,-22,0,4
1633,-38,-16,-22,0,4
1634,-37,-16,-23,1,1
1635,-39,-16,-23,0,4
1636,-39,-16,-23,1,0
1637,-40,-16,-22,0,4
1638,-42,-16,-22,0,4
1639,-43,-17,-22,0,4
1640,-43,-16,-21,0,2
1641,-44,-16,-22,0,4
1642,-44,-15,-21,0,2
1643,-42,-15,-21,0,1
1644,-41,-15,-22,0,1
1645,-39,-15,-22,0,1
1646,-38,-16,-22,1,1
1647,-38,-17,-23,0,5
1648,-38,-17,-23,1,0
1649,-37,-18,-23,1,1
1650,-36,-18,-24,0,1
1651,-37,-19,-24,0,4
1652,-37,-18,-25,0,2
1653,-36,-19,-25,0,1
1654,-35,-18,-25,0,1
1655,-35,-18,-25,1,0
1656,-36,-18,-26,0,4
1657,-36,-17,-27,0,2
1658,-36,-17,-27,1,0
1659,-37,-17,-26,0,4
1660,-37,-17,-24,1,3
1661,-37,-17,-24,0,0
1662,-37,-17,-26,1,6
1663,-38,-17,-27,0,4
1664,-38,-18,-28,0,5
1665,-38,-18,-30,0,6
1666,-38,-19,-29,0,5
1667,-39,-20,-29,0,4
1668,-39,-20,-31,0,6
1669,-40,-19,-31,0,4
1670,-40,-19,-33,0,6
1671,-40,-18,-32,0,2
1672,-39,-17,-32,0,1
1673,-40,-16,-32,0,4
1674,-40,-15,-33,0,2
1675,-40,-14,-32,0,2
1676,-41,-15,-32,0,4
1677,-41,-14,-33,0,2
1678,-42,-13,-33,0,4
1679,-43,-13,-32,0,4
1680,-43,-12,-33,0,2
1681,-43,-12,-35,0,6
1682,-43,-12,-37,0,6
1683,-44,-13,-37,0,4
1684,-44,-14,-36,0,5
1685,-45,-14,-37,0,4
1686,-45,-15,-38,0,5
1687,-45,-14,-37,1,2
1688,-44,-15,-37,0,1
1689,-44,-14,-38,0,2
1690,-45,-14,-39,0,4
1691,-45,-13,-40,0,2
1692,-44,-13,-41,0,1
1693,-44,-14,-40,0,5
1694,-45,-15,-40,0,4
1695,-46,-16,-40,0,4
1696,-46,-16,-38,0,3
1697,-46,-15,-39,0,2
1698,-46,-16,-40,1,5
1699,-45,-16,-41,0,1
1700,-44,-16,-42,0,1
1701,-45,-15,-42,0,4
1702,-44,-16,-42,1,1
1703,-44,-18,-42,0,5
1704,-44,-19,-43,0,5
1705,-43,-19,-44,0,1
1706,-44,-20,-44,0,4
1707,-44,-20,-44,1,0
1708,-44,-20,-44,0,0
1709,-44,-21,-43,0,5
1710,-44,-22,-44,0,5
1711,-44,-23,-45,0,5
1712,-44,-24,-46,0,5
1713,-44,-25,-47,0,5
1714,-44,-25,-47,1,0
1715,-44,-24,-48,0,2
1716,-44,-26,-48,0,5
1717,-44,-26,-48,1,0
1718,-43,-26,-47,0,1
1719,-43,-26,-47,1,0
1720,-42,-26,-46,0,1
1721,-41,-26,-45,0,1
1722,-39,-26,-45,0,1
1723,-40,-27,-45,0,4
1724,-40,-28,-44,0,5
1725,-40,-29,-45,0,5
1726,-41,-28,-45,0,4
1727,-41,-27,-44,0,2
1728,-40,-27,-43,0,1
1729,-40,-25,-43,0,2
1730,-39,-24,-43,0,1
1731,-39,-23,-44,0,2
1732,-40,-24,-44,0,4
1733,-40,-24,-44,1,0
1734,-39,-24,-45,0,1
1735,-39,-25,-44,0,5
1736,-37,-25,-44,0,1
1737,-36,-24,-44,0,1
1738,-35,-23,-44,0,1
1739,-34,-23,-45,0,1
1740,-34,-22,-44,0,2
1741,-35,-21,-44,0,4
1742,-35,-22,-45,0,5
1743,-34,-22,-46,0,1
1744,-34,-22,-46,1,0
1745,-33,-22,-47,0,1
1746,-32,-21,-47,0,1
1747,-32,-20,-48,0,2
1748,-31,-20,-47,0,1
1749,-31,-21,-48,0,5
1750,-31,-21,-48,1,0
1751,-31,-23,-48,0,5
1752,-30,-23,-47,0,1
1753,-31,-23,-46,0,4
1754,-32,-23,-47,0,4
1755,-32,-23,-47,1,0
1756,-32,-23,-47,0,0
1757,-33,-22,-47,1,4
1758,-33,-23,-48,0,5
1759,-34,-23,-47,0,4
1760,-33,-23,-48,1,1
1761,-33,-24,-49,0,5
1762,-33,-24,-49,1,0
1763,-33,-23,-50,0,2
1764,-34,-23,-51,0,4
1765,-33,-24,-51,0,1
1766,-35,-24,-51,0,4
1767,-35,-23,-50,0,2
1768,-34,-22,-50,0,1
1769,-33,-22,-49,0,1
1770,-34,-23,-49,0,4
1771,-35,-23,-48,0,4
1772,-35,-23,-48,1,0
1773,-36,-22,-48,0,4
1774,-37,-23,-48,0,4
1775,-36,-24,-48,0,1
1776,-36,-22,-48,1,2
1777,-37,-22,-49,0,4
1778,-38,-22,-48,0,4
1779,-38,-21,-49,0,2
1780,-39,-20,-49,0,4
1781,-39,-19,-48,0,2
1782,-39,-19,-50,0,6
1783,-38,-20,-50,0,1
1784,-39,-21,-50,0,4
1785,-39,-22,-49,0,5
1786,-38,-22,-50,0,1
1787,-37,-22,-49,1,1
1788,-37,-23,-50,0,5
1789,-38,-24,-50,0,4
1790,-39,-24,-49,0,4
1791,-40,-24,-48,0,4
1792,-40,-26,-48,0,5
1793,-39,-26,-47,0,1
1794,-38,-26,-48,0,1
1795,-39,-26,-47,1,4
1796,-38,-26,-46,0,1
1797,-39,-25,-46,0,4
1798,-39,-24,-47,0,2
1799,-39,-23,-48,0,2
1800,-39,-22,-47,0,2
1801,-39,-23,-48,1,5
1802,-40,-23,-47,0,4
1803,-40,-24,-48,1,5
1804,-40,-24,-48,0,0
1805,-40,-24,-48,1,0
1806,-40,-24,-50,0,6
1807,-40,-24,-50,1,0
1808,-40,-22,-50,0,2
1809,-41,-22,-51,0,4
1810,-41,-24,-51,0,5
1811,-41,-24,-51,1,0
1812,-41,-23,-52,0,2
1813,-41,-23,-50,0,3
1814,-40,-22,-50,1,1
1815,-40,-21,-51,0,2
1816,-40,-20,-50,0,2
1817,-39,-20,-49,1,1
1818,-38,-21,-49,1,1
1819,-37,-20,-49,0,1
1820,-37,-19,-50,0,2
1821,-38,-18,-50,0,4
1822,-38,-18,-50,1,0
1823,-39,-18,-51,0,4
1824,-39,-17,-52,0,2
1825,-41,-17,-52,0,4
1826,-40,-17,-51,0,1
1827,-40,-17,-49,0,3
1828,-40,-15,-49,0,2
1829,-40,-14,-48,0,2
1830,-40,-13,-47,0,2
1831,-41,-13,-46,0,4
1832,-40,-13,-47,1,1
1833,-40,-14,-46,0,5
1834,-39,-14,-47,0,1
1835,-39,-15,-48,0,5
1836,-39,-14,-47,1,2
1837,-37,-14,-47,0,1
1838,-37,-15,-46,0,5
1839,-35,-15,-46,0,1
1840,-36,-15,-45,0,4
1841,-37,-14,-45,0,4
1842,-37,-14,-45,1,0
1843,-38,-14,-46,0,4
1844,-38,-13,-45,0,2
1845,-38,-13,-45,1,0
1846,-39,-13,-46,0,4
1847,-39,-14,-47,0,5
1848,-38,-13,-47,0,1
1849,-38,-12,-48,0,2
1850,-37,-12,-49,0,1
1851,-37,-14,-49,0,5
1852,-38,-13,-49,0,4
1853,-38,-13,-49,1,0
1854,-37,-14,-49,1,1
1855,-38,-14,-48,0,4
1856,-40,-14,-48,1,4
1857,-39,-13,-48,0,1
1858,-39,-14,-47,1,5
1859,-40,-15,-47,0,4
1860,-40,-16,-48,0,5
1861,-40,-15,-47,1,2
1862,-40,-16,-46,0,5
1863,-39,-16,-45,0,1
1864,-40,-16,-44,0,4
1865,-41,-17,-44,0,4
1866,-40,-16,-44,1,1
1867,-40,-15,-43,0,2
1868,-40,-16,-44,0,5
1869,-41,-16,-45,0,4
1870,-40,-16,-46,1,1
1871,-41,-15,-46,0,4
1872,-41,-14,-45,0,2
1873,-42,-14,-46,0,4
1874,-43,-14,-45,0,4
1875,-43,-13,-44,0,2
1876,-44,-13,-45,0,4
1877,-45,-12,-45,0,4
1878,-44,-12,-44,0,1
1879,-44,-11,-45,0,2
1880,-44,-11,-47,0,6
1881,-45,-11,-48,0,4
1882,-45,-11,-48,1,0
1883,-45,-11,-48,0,0
1884,-46,-11,-47,0,4
1885,-47,-10,-47,0,4
1886,-46,-10,-46,0,1
1887,-47,-10,-47,1,4
1888,-48,-9,-47,0,4
1889,-47,-9,-48,0,1
1890,-49,-9,-48,0,4
1891,-49,-9,-48,1,0
1892,-48,-8,-48,0,1
1893,-48,-8,-48,1,0
1894,-49,-8,-49,0,4
1895,-49,-7,-48,0,2
1896,-50,-7,-47,0,4
1897,-51,-8,-47,0,4
1898,-52,-7,-47,0,4
1899,-51,-6,-47,0,1
1900,-52,-6,-48,0,4
1901,-52,-7,-49,0,5
1902,-52,-6,-48,1,2
1903,-52,-7,-47,1,5
1904,-53,-8,-47,0,4
1905,-53,-8,-49,0,6
1906,-53,-8,-49,1,0
1907,-53,-10,-49,0,5
1908,-53,-10,-49,1,0
1909,-53,-12,-49,0,5
1910,-54,-12,-48,0,4
1911,-54,-11,-49,0,2
1912,-55,-10,-49,0,4
1913,-56,-10,-50,0,4
1914,-55,-9,-50,0,1
1915,-55,-10,-51,0,5
1916,-55,-10,-49,1,3
1917,-56,-10,-48,0,4
1918,-56,-10,-48,1,0
1919,-57,-10,-49,0,4
1920,-57,-11,-48,0,5
1921,-57,-11,-48,1,0
1922,-56,-10,-48,0,1
1923,-56,-11,-47,0,5
1924,-57,-10,-47,0,4
1925,-57,-9,-48,0,2
1926,-58,-10,-48,0,4
1927,-58,-11,-47,0,5
1928,-59,-11,-46,0,4
1929,-59,-12,-45,0,5
1930,-58,-12,-46,0,1
1931,-57,-12,-45,0,1
1932,-57,-13,-44,0,5
1933,-58,-13,-45,0,4
1934,-58,-14,-44,0,5
1935,-57,-15,-44,0,1
1936,-58,-15,-45,0,4
1937,-58,-17,-45,0,5
1938,-57,-17,-46,0,1
1939,-57,-18,-45,0,5
1940,-57,-17,-44,0,2
1941,-58,-17,-43,0,4
1942,-58,-18,-44,0,5
1943,-59,-19,-44,0,4
1944,-60,-19,-45,0,4
1945,-60,-20,-44,0,5
1946,-61,-19,-44,0,4
1947,-61,-19,-44,1,0
1948,-62,-19,-43,0,4
1949,-62,-20,-42,0,5
1950,-62,-19,-43,1,2
1951,-62,-20,-42,1,5
1952,-61,-19,-42,0,1
1953,-62,-20,-42,0,4
1954,-61,-21,-42,0,1
1955,-61,-21,-44,0,6
1956,-59,-21,-44,0,1
1957,-60,-21,-43,0,4
1958,-61,-21,-44,1,4
1959,-60,-21,-45,0,1
1960,-60,-21,-45,1,0
1961,-61,-21,-46,0,4
1962,-61,-19,-46,0,2
1963,-62,-18,-46,0,4
1964,-62,-18,-46,1,0
1965,-62,-19,-47,0,5
1966,-63,-18,-47,0,4
1967,-63,-17,-46,0,2
1968,-64,-17,-45,0,4
1969,-64,-19,-45,0,5
1970,-64,-19,-47,0,6
1971,-64,-18,-48,0,2
1972,-64,-18,-48,1,0
1973,-64,-17,-47,0,2
1974,-65,-17,-46,0,4
1975,-65,-18,-45,0,5
1976,-66,-19,-45,0,4
1977,-66,-18,-44,0,2
1978,-66,-16,-44,0,2
1979,-66,-15,-43,0,2
1980,-66,-14,-42,0,2
1981,-66,-15,-41,0,5
1982,-65,-16,-41,0,1
1983,-65,-16,-43,0,6
1984,-64,-15,-43,0,1
1985,-63,-14,-43,0,1
1986,-63,-16,-43,0,5
1987,-64,-16,-42,0,4
1988,-65,-17,-42,0,4
1989,-64,-18,-42,0,1
1990,-65,-18,-41,0,4
1991,-64,-17,-41,0,1
1992,-63,-17,-42,0,1
1993,-64,-17,-43,0,4
1994,-65,-17,-44,0,4
1995,-64,-18,-44,0,1
1996,-64,-19,-43,0,5
1997,-64,-19,-43,1,0
1998,-65,-19,-42,0,4
1999,-64,-20,-42,0,1
2000,-63,-21,-42,0,1
2001,-62,-22,-42,0,1
2002,-62,-20,-42,1,2
2003,-62,-21,-41,0,5
2004,-63,-22,-41,0,4
2005,-64,-21,-41,0,4
2006,-64,-20,-42,1,2
2007,-64,-19,-43,0,2
2008,-64,-19,-43,1,0
2009,-64,-19,-43,0,0
2010,-64,-19,-43,1,0
2011,-63,-20,-43,0,1
2012,-63,-20,-41,0,3
2013,-62,-21,-41,1,1
2014,-62,-21,-43,0,6
2015,-63,-20,-43,1,4
2016,-61,-20,-43,0,1
2017,-60,-21,-43,1,1
2018,-60,-20,-44,1,2
2019,-61,-20,-43,1,4
2020,-61,-21,-44,0,5
2021,-60,-20,-44,0,1
2022,-59,-20,-43,0,1
2023,-58,-21,-43,0,1
2024,-59,-21,-42,0,4
2025,-58,-20,-42,0,1
2026,-58,-20,-42,1,0
2027,-59,-19,-42,0,4
2028,-59,-20,-43,1,5
2029,-58,-20,-44,0,1
2030,-57,-21,-44,0,1
2031,-56,-21,-45,0,1
2032,-56,-21,-43,0,3
2033,-57,-21,-42,0,4
2034,-55,-21,-42,0,1
2035,-55,-22,-41,0,5
2036,-57,-22,-41,0,4
2037,-58,-22,-40,0,4
2038,-58,-21,-41,0,2
2039,-58,-21,-41,1,0
2040,-58,-22,-42,0,5
2041,-58,-21,-41,0,2
2042,-58,-21,-41,1,0
2043,-59,-21,-40,0,4
2044,-60,-20,-40,0,4
2045,-60,-21,-39,0,5
2046,-60,-20,-38,0,2
2047,-61,-21,-38,0,4
2048,-60,-21,-37,0,1
2049,-60,-20,-38,1,2
2050,-60,-20,-38,0,0
2051,-61,-21,-38,1,4
2052,-60,-22,-38,0,1
2053,-60,-22,-36,0,3
2054,-60,-22,-36,1,0
2055,-60,-23,-35,0,5
2056,-59,-24,-35,0,1
2057,-59,-24,-35,1,0
2058,-59,-25,-36,0,5
2059,-59,-24,-37,0,2
2060,-60,-25,-37,0,4
2061,-59,-25,-38,0,1
2062,-59,-24,-37,1,2
2063,-59,-24,-37,0,0
2064,-60,-24,-38,0,4
2065,-60,-24,-38,1,0
2066,-61,-23,-38,0,4
2067,-61,-24,-39,0,5
2068,-60,-23,-39,0,1
2069,-60,-23,-37,0,3
2070,-61,-22,-37,0,4
2071,-61,-23,-38,1,5
2072,-61,-23,-38,0,0
2073,-62,-22,-38,0,4
2074,-62,-23,-39,0,5
2075,-62,-23,-39,1,0
2076,-63,-23,-40,0,4
2077,-62,-23,-41,0,1
2078,-64,-23,-41,0,4
2079,-64,-22,-42,0,2
2080,-65,-22,-41,0,4
2081,-67,-22,-41,0,4
2082,-68,-23,-41,0,4
2083,-69,-23,-42,0,4
2084,-70,-24,-42,0,4
2085,-71,-24,-41,0,4
2086,-72,-23,-41,0,4
2087,-71,-23,-42,0,1
2088,-71,-21,-42,0,2
2089,-71,-21,-42,1,0
2090,-71,-22,-43,0,5
2091,-70,-21,-43,0,1
2092,-70,-22,-44,0,5
2093,-69,-22,-45,0,1
2094,-70,-22,-46,0,4
2095,-70,-20,-46,0,2
2096,-71,-19,-46,0,4
2097,-70,-19,-47,0,1
2098,-70,-18,-48,0,2
2099,-71,-19,-48,0,4
2100,-71,-18,-49,0,2
2101,-72,-18,-50,0,4
2102,-72,-18,-50,1,0
2103,-71,-19,-50,0,1
2104,-72,-18,-50,0,4
2105,-73,-18,-51,0,4
2106,-73,-19,-50,0,5
2107,-73,-18,-49,0,2
2108,-72,-18,-48,0,1
2109,-72,-19,-49,0,5
2110,-72,-17,-49,0,2
2111,-71,-17,-50,0,1
2112,-70,-17,-49,0,1
2113,-69,-16,-49,0,1
2114,-68,-15,-49,0,1
2115,-68,-14,-48,0,2
2116,-68,-15,-47,0,5
2117,-66,-15,-47,0,1
2118,-66,-15,-45,0,3
2119,-66,-16,-46,0,5
2120,-66,-16,-46,1,0
2121,-66,-17,-47,0,5
2122,-65,-17,-48,0,1
2123,-66,-17,-47,1,4
2124,-65,-17,-46,1,1
2125,-64,-16,-46,0,1
2126,-65,-15,-46,0,4
2127,-66,-15,-45,1,4
2128,-67,-14,-45,0,4
2129,-68,-15,-45,0,4
2130,-68,-15,-45,1,0
2131,-68,-14,-44,0,2
2132,-67,-14,-45,1,1
2133,-67,-13,-46,0,2
2134,-68,-12,-46,0,4
2135,-67,-12,-47,0,1
2136,-68,-13,-47,0,4
2137,-69,-13,-46,0,4
2138,-69,-14,-47,0,5
2139,-68,-14,-46,0,1
2140,-69,-13,-46,1,4
2141,-69,-12,-45,0,2
2142,-69,-11,-46,0,2
2143,-70,-12,-46,0,4
2144,-70,-11,-47,0,2
2145,-71,-10,-47,0,4
2146,-71,-11,-46,0,5
2147,-72,-10,-46,0,4
2148,-71,-9,-46,0,1
2149,-72,-9,-47,0,4
2150,-71,-9,-46,1,1
2151,-71,-9,-46,0,0
2152,-71,-8,-45,0,2
2153,-71,-8,-45,1,0
2154,-72,-8,-44,0,4
2155,-71,-8,-45,0,1
2156,-71,-7,-44,0,2
2157,-71,-7,-44,1,0
2158,-71,-7,-44,0,0
2159,-70,-6,-44,0,1
2160,-69,-5,-44,0,1
2161,-69,-5,-44,1,0
2162,-68,-5,-43,0,1
2163,-68,-5,-43,1,0
2164,-66,-5,-43,0,1
2165,-66,-5,-43,1,0
2166,-68,-5,-43,0,4
2167,-69,-6,-43,0,4
2168,-71,-6,-43,0,4
2169,-70,-7,-43,0,1
2170,-68,-7,-43,0,1
2171,-68,-7,-43,1,0
2172,-68,-6,-44,0,2
2173,-67,-6,-43,0,1
2174,-67,-6,-45,0,6
2175,-68,-7,-45,0,4
2176,-67,-7,-44,0,1
2177,-67,-6,-45,1,2
2178,-68,-5,-45,0,4
2179,-69,-5,-46,0,4
2180,-69,-6,-45,0,5
2181,-69,-5,-46,1,2
2182,-69,-5,-44,0,3
2183,-69,-5,-46,0,6
2184,-68,-5,-45,1,1
2185,-68,-5,-45,0,0
2186,-68,-5,-45,1,0
2187,-68,-4,-46,0,2
2188,-68,-3,-47,0,2
2189,-69,-4,-47,0,4
2190,-69,-4,-47,1,0
2191,-69,-3,-46,0,2
2192,-70,-4,-46,0,4
2193,-69,-3,-46,1,1
2194,-69,-1,-46,0,2
2195,-70,-1,-47,0,4
2196,-69,-2,-47,0,1
2197,-69,-2,-47,1,0
2198,-70,-2,-46,0,4
2199,-70,-3,-45,0,5
2200,-71,-3,-44,0,4
2201,-72,-2,-44,0,4
2202,-71,-2,-43,0,1
2203,-70,-2,-42,0,1
2204,-70,-1,-43,0,2
2205,-70,0,-42,0,2
2206,-70,0,-42,1,0
2207,-70,1,-41,0,2
2208,-70,0,-42,0,5
2209,-71,0,-43,0,4
2210,-70,0,-44,0,1
2211,-70,0,-44,1,0
2212,-71,0,-43,1,4
2213,-70,0,-44,0,1
2214,-71,0,-43,0,4
2215,-71,1,-42,0,2
2216,-71,1,-42,1,0
2217,-72,1,-43,0,4
2218,-73,1,-44,0,4
2219,-74,1,-43,0,4
2220,-74,1,-43,1,0
2221,-74,-1,-43,0,5
2222,-75,-1,-42,0,4
2223,-75,-2,-43,0,5
2224,-75,-2,-41,0,3
2225,-76,-1,-41,0,4
2226,-77,0,-41,0,4
2227,-77,0,-41,1,0
2228,-77,-1,-42,0,5
2229,-77,-1,-42,1,0
2230,-76,0,-42,0,1
2231,-76,0,-40,0,3
2232,-76,-1,-41,1,5
2233,-75,-1,-40,0,1
2234,-76,0,-40,1,4
2235,-76,0,-40,0,0
2236,-76,0,-40,1,0
2237,-77,-1,-40,0,4
2238,-78,0,-40,0,4
2239,-78,-1,-39,0,5
2240,-79,-1,-40,0,4
2241,-78,0,-40,1,1
2242,-77,0,-39,0,1
2243,-77,0,-37,0,3
2244,-78,1,-37,0,4
2245,-78,2,-36,0,2
2246,-77,3,-36,0,1
2247,-76,2,-36,0,1
2248,-76,1,-35,0,5
2249,-77,1,-34,0,4
2250,-76,1,-35,1,1
2251,-76,1,-35,0,0
2252,-75,1,-36,0,1
2253,-75,1,-36,1,0
2254,-76,1,-35,1,4
2255,-75,1,-34,0,1
2256,-75,0,-33,0,5
2257,-76,-1,-33,0,4
2258,-75,-2,-33,0,1
2259,-75,-1,-34,0,2
2260,-75,0,-33,1,2
2261,-75,1,-34,1,2
2262,-76,1,-33,0,4
2263,-76,0,-32,0,5
2264,-75,1,-32,0,1
2265,-75,0,-31,0,5
2266,-76,0,-32,1,4
2267,-75,0,-33,0,1
2268,-75,-1,-32,0,5
2269,-74,0,-32,0,1
2270,-74,0,-32,1,0
2271,-74,1,-31,0,2
2272,-75,1,-32,1,4
2273,-75,0,-33,1,5
2274,-76,1,-33,1,4
2275,-75,2,-33,0,1
2276,-77,2,-33,0,4
2277,-78,2,-32,0,4
2278,-78,3,-33,0,2
2279,-80,3,-33,0,4
2280,-80,2,-34,0,5
2281,-79,2,-35,0,1
2282,-79,3,-36,0,2
2283,-80,3,-35,0,4
2284,-79,3,-36,1,1
2285,-79,3,-34,0,3
2286,-79,2,-33,0,5
2287,-79,2,-33,1,0
2288,-78,2,-34,0,1
2289,-77,2,-35,0,1
2290,-77,1,-34,1,5
2291,-77,2,-35,1,2
2292,-77,0,-35,0,5
2293,-77,-1,-34,0,5
2294,-75,-1,-34,1,1
2295,-74,0,-34,0,1
2296,-74,1,-35,0,2
2297,-74,1,-35,1,0
2298,-73,2,-35,0,1
2299,-73,1,-34,0,5
2300,-74,0,-34,1,4
2301,-75,-1,-34,0,4
2302,-74,-2,-34,0,1
2303,-75,-3,-34,0,4
2304,-74,-2,-34,1,1
2305,-74,-3,-35,0,5
2306,-74,-2,-34,0,2
2307,-75,-3,-34,1,4
2308,-75,-3,-34,0,0
2309,-75,-5,-34,0,5
2310,-74,-4,-34,0,1
2311,-75,-4,-35,0,4
2312,-76,-4,-34,0,4
2313,-75,-4,-35,1,1
2314,-75,-5,-34,1,5
2315,-75,-5,-36,0,6
2316,-73,-5,-36,0,1
2317,-73,-7,-36,0,5
2318,-74,-7,-37,0,4
2319,-73,-8,-37,0,1
2320,-72,-7,-37,0,1
2321,-73,-6,-37,0,4
2322,-73,-6,-37,1,0
2323,-72,-6,-36,0,1
2324,-71,-5,-36,0,1
2325,-70,-6,-36,0,1
2326,-70,-7,-37,0,5
2327,-70,-7,-37,1,0
2328,-69,-8,-37,0,1
2329,-68,-9,-37,0,1
2330,-67,-8,-37,0,1
2331,-66,-7,-37,0,1
2332,-66,-7,-37,1,0
2333,-67,-6,-37,0,4
2334,-67,-7,-36,0,5
2335,-67,-6,-37,1,2
2336,-67,-5,-36,0,2
2337,-68,-6,-36,0,4
2338,-69,-5,-36,0,4
2339,-68,-5,-37,0,1
2340,-67,-6,-37,0,1
2341,-66,-6,-38,0,1
2342,-67,-6,-37,1,4
2343,-67,-7,-36,1,5
2344,-67,-6,-37,0,2
2345,-67,-7,-36,0,5
2346,-68,-8,-36,0,4
2347,-67,-8,-37,1,1
2348,-67,-9,-36,0,5
2349,-67,-8,-35,0,2
2350,-66,-7,-35,0,1
2351,-64,-7,-35,0,1
2352,-64,-6,-34,0,2
2353,-65,-7,-34,0,4
2354,-65,-6,-33,0,2
2355,-64,-7,-33,0,1
2356,-64,-6,-34,1,2
2357,-63,-7,-34,0,1
2358,-63,-7,-34,1,0
2359,-63,-7,-34,0,0
2360,-62,-7,-35,0,1
2361,-61,-7,-36,0,1
2362,-61,-6,-37,0,2
2363,-61,-6,-37,1,0
2364,-60,-5,-37,0,1
2365,-60,-4,-36,0,2
2366,-61,-4,-37,0,4
2367,-61,-4,-37,1,0
2368,-61,-5,-38,0,5
2369,-62,-6,-38,0,4
2370,-63,-6,-39,0,4
2371,-63,-7,-38,0,5
2372,-64,-8,-38,0,4
2373,-63,-9,-38,0,1
2374,-62,-9,-37,0,1
2375,-61,-9,-36,0,1
2376,-61,-10,-35,0,5
2377,-61,-9,-36,1,2
2378,-60,-9,-35,0,1
2379,-59,-10,-35,0,1
2380,-59,-10,-37,0,6
2381,-58,-11,-37,0,1
2382,-57,-12,-37,0,1
2383,-57,-13,-38,0,5
2384,-57,-13,-38,1,0
2385,-57,-12,-37,1,2
2386,-57,-12,-35,0,3
2387,-58,-13,-35,0,4
2388,-58,-13,-35,1,0
2389,-59,-13,-34,0,4
2390,-58,-13,-35,0,1
2391,-57,-13,-36,0,1
2392,-57,-11,-36,0,2
2393,-58,-11,-37,1,4
2394,-57,-10,-37,0,1
2395,-59,-10,-37,1,4
2396,-59,-10,-35,1,3
2397,-59,-9,-34,0,2
2398,-58,-9,-35,0,1
2399,-58,-9,-35,1,0
2400,-59,-9,-36,0,4
2401,-59,-9,-38,0,6
2402,-59,-8,-39,0,2
2403,-59,-7,-40,0,2
2404,-59,-8,-41,0,5
2405,-58,-8,-42,0,1
2406,-57,-8,-41,0,1
2407,-56,-9,-41,0,1
2408,-57,-8,-41,1,4
2409,-58,-7,-41,0,4
2410,-58,-7,-41,1,0
2411,-57,-6,-41,0,1
2412,-57,-6,-41,1,0
2413,-57,-5,-42,0,2
2414,-57,-7,-42,0,5
2415,-58,-7,-43,0,4
2416,-59,-7,-44,0,4
2417,-59,-7,-44,1,0
2418,-60,-8,-44,0,4
2419,-61,-8,-45,0,4
2420,-61,-7,-44,0,2
2421,-63,-7,-44,0,4
2422,-63,-6,-45,0,2
2423,-62,-6,-44,0,1
2424,-62,-7,-43,0,5
2425,-62,-7,-43,1,0
2426,-63,-7,-44,1,4
2427,-63,-6,-45,1,2
2428,-63,-5,-44,0,2
2429,-62,-6,-44,1,1
2430,-61,-6,-45,0,1
2431,-62,-6,-46,0,4
2432,-62,-5,-47,0,2
2433,-62,-6,-48,0,5
2434,-62,-6,-48,1,0
2435,-61,-5,-48,0,1
2436,-60,-5,-49,0,1
2437,-59,-5,-48,0,1
2438,-58,-6,-48,0,1
2439,-57,-6,-47,0,1
2440,-57,-6,-45,0,3
2441,-57,-8,-45,0,5
2442,-58,-8,-46,0,4
2443,-57,-7,-46,0,1
2444,-57,-7,-44,0,3
2445,-56,-7,-45,0,1
2446,-56,-6,-44,0,2
2447,-57,-6,-43,0,4
2448,-57,-5,-42,1,2
2449,-56,-5,-41,0,1
2450,-56,-6,-40,0,5
2451,-56,-7,-39,0,5
2452,-57,-7,-38,0,4
2453,-58,-7,-39,0,4
2454,-59,-7,-40,1,4
2455,-59,-6,-39,0,2
2456,-59,-4,-39,0,2
2457,-59,-3,-40,0,2
2458,-58,-3,-39,0,1
2459,-57,-2,-39,0,1
2460,-57,-2,-39,1,0
2461,-57,-3,-38,0,5
2462,-57,-2,-37,0,2
2463,-57,-1,-36,0,2
2464,-58,-1,-37,0,4
2465,-58,0,-36,0,2
2466,-57,0,-35,0,1
2467,-58,0,-34,0,4
2468,-58,-1,-35,0,5
2469,-58,-2,-34,0,5
2470,-59,-1,-34,0,4
2471,-59,-1,-34,1,0
2472,-57,-1,-34,0,1
2473,-57,-1,-32,0,3
2474,-56,-1,-33,0,1
2475,-56,-3,-33,0,5
2476,-56,-3,-33,1,0
2477,-57,-2,-33,0,4
2478,-57,-1,-32,1,2
2479,-58,-2,-32,0,4
2480,-58,-3,-31,0,5
2481,-57,-3,-30,0,1
2482,-56,-3,-31,0,1
2483,-55,-3,-32,0,1
2484,-54,-3,-31,0,1
2485,-54,-2,-32,0,2
2486,-54,-1,-33,0,2
2487,-53,-2,-33,0,1
2488,-53,-3,-32,0,5
2489,-52,-3,-33,0,1
2490,-53,-3,-34,0,4
2491,-54,-3,-35,0,4
2492,-54,-2,-34,0,2
2493,-53,-2,-33,1,1
2494,-52,-2,-34,0,1
2495,-52,-2,-34,1,0
2496,-51,-3,-34,0,1
2497,-51,-3,-36,0,6
2498,-52,-3,-37,0,4
2499,-51,-2,-37,0,1
2500,-52,-1,-37,0,4
